{"cameraMode":{"drawMode":0,"name":"Shaded","section":"Shading Mode"},"sceneLighting":true,"audioPlay":false,"sceneViewState":{"showFog":true,"showMaterialUpdate":false,"showSkybox":true,"showFlares":true,"showImageEffects":true,"showParticleSystems":true},"in2DMode":false,"pivot":{"x":-15.722801208496094,"y":6.782364845275879,"z":-23.44892120361328},"rotation":{"x":0.3816249668598175,"y":-0.5965391993522644,"z":0.3843821585178375,"w":0.5922561287879944},"size":47.43714141845703,"orthographic":true}