{"cameraMode":{"drawMode":0,"name":"Shaded","section":"Shading Mode"},"sceneLighting":false,"audioPlay":false,"sceneViewState":{"showFog":true,"showMaterialUpdate":false,"showSkybox":true,"showFlares":true,"showImageEffects":true,"showParticleSystems":true},"in2DMode":false,"pivot":{"x":-1.7693099975585938,"y":0.09000003337860108,"z":-0.6833137273788452},"rotation":{"x":-0.0682443305850029,"y":0.8476362824440002,"z":-0.11254242807626724,"w":-0.5139946937561035},"size":5.2231364250183109,"orthographic":true}